{"test/samples_per_second":35.917,"train/learning_rate":6.518218623481782e-06,"eval/f1":0.8597309031091424,"test/f1":0.8614789079458046,"test/steps_per_second":17.977,"_runtime":956,"eval/loss":0.9310948252677917,"train_steps_per_second":1.593,"train_runtime":930.0469,"train/global_step":1482,"eval/accuracy":0.8588832487309644,"eval/samples_per_second":36.328,"train_samples_per_second":12.722,"test/loss":0.9261003732681274,"train/grad_norm":0.4592339098453522,"train/epoch":6,"train/loss":0.2368,"test/runtime":27.424,"eval/runtime":27.1139,"total_flos":0,"_timestamp":1.767088779828879e+09,"train_loss":0.2999396536514344,"test/accuracy":0.8609137055837564,"_step":9,"_wandb":{"runtime":956},"eval/steps_per_second":18.183}