{"eval/loss":0.8869034647941589,"total_flos":0,"eval/accuracy":0.8671399594320487,"test/loss":0.87640380859375,"test/accuracy":0.8681541582150102,"test/samples_per_second":36.293,"train/grad_norm":0.5173783302307129,"train/learning_rate":6.518218623481782e-06,"_timestamp":1.7670868608057518e+09,"train/loss":0.2513,"eval/f1":0.8672031593902232,"test/steps_per_second":18.146,"_runtime":959,"train_samples_per_second":12.633,"train_runtime":936.09,"test/runtime":27.1681,"eval/samples_per_second":36.578,"train/epoch":6,"eval/steps_per_second":18.289,"train/global_step":1482,"test/f1":0.8682406954340002,"_wandb":{"runtime":959},"train_loss":0.31705554648127793,"eval/runtime":26.9559,"_step":9,"train_steps_per_second":1.583}