{"eval/steps_per_second":18.077,"eval/accuracy":0.8772819472616633,"eval/f1":0.8767565576925398,"train/learning_rate":6.518218623481782e-06,"train_runtime":928.2952,"eval/samples_per_second":36.154,"_step":9,"eval/loss":0.9372287392616272,"_wandb":{"runtime":954},"total_flos":0,"test/samples_per_second":35.889,"train/epoch":6,"train/global_step":1482,"test/loss":0.9158992767333984,"_runtime":954,"train_samples_per_second":12.739,"eval/runtime":27.2724,"train_loss":0.3019959144746726,"train_steps_per_second":1.596,"test/steps_per_second":17.944,"train/loss":0.2396,"train/grad_norm":0.621849536895752,"test/runtime":27.474,"test/accuracy":0.8793103448275862,"_timestamp":1.767087819471927e+09,"test/f1":0.879075257021718}